feature,importance
int_rate,0.09431533
grade_B,0.09210915
term__60_months,0.056043155
risk_score,0.01135358
home_ownership_MORTGAGE,0.008176546
home_ownership_RENT,0.0076764957
avg_cur_bal,0.0067392047
inq_last_6mths,0.00628866
fico_range_low,0.0062303166
fico_range_high,0.0057948395
earliest_cr_line_Sep_77,0.0057674865
earliest_cr_line_Oct_97,0.0056885695
grade_C,0.0055490127
earliest_cr_line_Mar_03,0.0054550366
earliest_cr_line_Jul_87,0.005370857
purpose_credit_card,0.0053703124
verification_status_Verified,0.0052106557
earliest_cr_line_Jan_11,0.005113087
num_actv_bc_tl,0.005045394
addr_state_OR,0.005028848
credit_stress,0.0049961293
installment_to_income,0.00490994
addr_state_CO,0.004888722
earliest_cr_line_Nov_96,0.004878081
addr_state_WA,0.004818998
addr_state_SC,0.004817264
addr_state_CA,0.0046302485
earliest_cr_line_Nov_99,0.0045406274
addr_state_LA,0.0045311702
addr_state_OK,0.004451979
addr_state_NJ,0.004408346
earliest_cr_line_Aug_98,0.0043976167
addr_state_MT,0.0043535335
earliest_cr_line_Apr_03,0.004352823
earliest_cr_line_Jul_05,0.004278415
purpose_vacation,0.0042752074
earliest_cr_line_Sep_09,0.0042415145
earliest_cr_line_Sep_01,0.004222825
emp_length_5_years,0.0041987333
earliest_cr_line_Feb_99,0.004146147
earliest_cr_line_Nov_10,0.0041410294
addr_state_GA,0.0041410043
earliest_cr_line_Feb_00,0.004127562
tot_cur_bal,0.0041167736
revol_bal,0.004099655
installment_income_ratio,0.004095414
num_rev_accts,0.004087835
earliest_cr_line_Oct_90,0.004046139
collections_12_mths_ex_med,0.0040147915
pub_rec,0.004004618
loan_income_ratio,0.003951417
payment_capacity,0.0039225584
earliest_cr_line_Oct_00,0.0039153346
earliest_cr_line_Sep_99,0.003885306
revol_income_ratio,0.003881266
grade_F,0.0038790659
home_ownership_OWN,0.0038675726
addr_state_ME,0.0038314513
earliest_cr_line_Sep_07,0.0038170086
earliest_cr_line_Sep_06,0.003793543
earliest_cr_line_May_04,0.0037753803
earliest_cr_line_Oct_04,0.0037422827
addr_state_MA,0.00373874
earliest_cr_line_Aug_03,0.003718161
earliest_cr_line_Feb_01,0.0037136676
earliest_cr_line_May_07,0.0037050245
bc_open_to_buy,0.0036986154
loan_to_income,0.003676881
earliest_cr_line_Jun_78,0.0036722934
purpose_major_purchase,0.0036591347
sub_grade_A4,0.0036556325
credit_utilization,0.0036386051
earliest_cr_line_Mar_02,0.0036155377
earliest_cr_line_Mar_92,0.003613381
open_acc_ratio,0.0036036216
earliest_cr_line_Jul_98,0.0036006353
earliest_cr_line_Jan_87,0.0035965345
dti,0.0035631403
earliest_cr_line_Jun_05,0.0035441003
annual_inc,0.0035318183
earliest_cr_line_Aug_11,0.0035271512
earliest_cr_line_Dec_99,0.0035042039
earliest_cr_line_Nov_06,0.0034906438
pub_rec_bankruptcies,0.0034845113
installment,0.0034769431
addr_state_WV,0.0034677053
addr_state_AL,0.0034506063
earliest_cr_line_Oct_76,0.0034466083
earliest_cr_line_Feb_84,0.0034243518
addr_state_MD,0.003409167
addr_state_HI,0.003406452
earliest_cr_line_Jul_90,0.0034056846
addr_state_TN,0.0033837322
earliest_cr_line_Jan_96,0.0033761223
sub_grade_C1,0.0033675355
earliest_cr_line_Nov_94,0.0033625555
emp_length_2_years,0.003350331
earliest_cr_line_Aug_01,0.0033494735
earliest_cr_line_Apr_88,0.0033252472
earliest_cr_line_Apr_94,0.0033241173
purpose_small_business,0.003323856
open_acc,0.0033120455
addr_state_TX,0.0033118194
earliest_cr_line_Aug_09,0.003285101
sub_grade_B3,0.0032789488
delinq_2yrs,0.0032731057
addr_state_RI,0.003269802
earliest_cr_line_Jun_92,0.0032646002
earliest_cr_line_Jun_99,0.0032294884
earliest_cr_line_Jan_91,0.0032244874
earliest_cr_line_Jul_01,0.003221682
earliest_cr_line_Feb_88,0.0032209125
earliest_cr_line_Jun_01,0.0032205596
revol_util,0.0032099022
bc_util,0.0032028516
earliest_cr_line_Nov_97,0.0031960786
earliest_cr_line_Jan_02,0.003195272
earliest_cr_line_Sep_02,0.0031917125
addr_state_MS,0.0031674698
earliest_cr_line_Nov_03,0.0031624818
earliest_cr_line_Dec_08,0.003156641
addr_state_IL,0.0031507541
earliest_cr_line_Feb_85,0.0031489055
earliest_cr_line_Dec_07,0.0031343794
addr_state_NC,0.003115393
tot_coll_amt,0.0031110472
initial_list_status_w,0.0031057002
grade_D,0.0030877788
earliest_cr_line_Mar_93,0.003080069
percent_bc_gt_75,0.0030757848
sub_grade_A5,0.0030546333
verification_status_Source_Verified,0.0030537355
earliest_cr_line_Jul_94,0.0030486928
earliest_cr_line_Jan_99,0.003015887
earliest_cr_line_Nov_98,0.002979836
earliest_cr_line_Dec_97,0.0029760068
sub_grade_D1,0.0029653767
earliest_cr_line_Apr_01,0.0029563822
earliest_cr_line_Mar_00,0.002950198
earliest_cr_line_Mar_94,0.0029411768
earliest_cr_line_Mar_12,0.0029172031
earliest_cr_line_Jan_68,0.0029131067
addr_state_NY,0.0029130105
earliest_cr_line_Apr_09,0.0029100026
earliest_cr_line_Apr_95,0.0029076894
earliest_cr_line_Dec_05,0.0029069062
earliest_cr_line_Aug_91,0.0028757625
earliest_cr_line_Sep_87,0.0028717658
earliest_cr_line_Jul_99,0.0028638477
earliest_cr_line_Oct_87,0.0028637717
addr_state_NH,0.002852351
earliest_cr_line_Mar_95,0.0028509714
addr_state_SD,0.0028500282
addr_state_AR,0.0028442957
earliest_cr_line_Apr_86,0.0028440466
earliest_cr_line_May_95,0.0028285568
addr_state_CT,0.0028216022
sub_grade_B1,0.0028154857
loan_amnt,0.0028131034
earliest_cr_line_Apr_97,0.0028108687
acc_now_delinq,0.002779395
sub_grade_B2,0.0027624313
earliest_cr_line_Dec_85,0.0027622094
earliest_cr_line_Mar_96,0.002734338
earliest_cr_line_Sep_03,0.002721424
earliest_cr_line_Jan_93,0.002708676
earliest_cr_line_Jun_08,0.0027069345
earliest_cr_line_Nov_80,0.002681458
emp_length_10__years,0.0026677165
earliest_cr_line_Jun_93,0.0026611856
addr_state_DC,0.002658944
earliest_cr_line_Aug_08,0.0026526062
earliest_cr_line_Apr_67,0.0026311537
earliest_cr_line_Oct_98,0.0026035071
earliest_cr_line_Dec_02,0.0025988037
earliest_cr_line_Jun_98,0.0025854579
earliest_cr_line_Nov_08,0.0025826788
purpose_other,0.002575544
total_acc,0.0025722536
earliest_cr_line_Aug_86,0.0025700505
earliest_cr_line_Aug_07,0.0025692338
tax_liens,0.0025387355
earliest_cr_line_May_01,0.0025167551
earliest_cr_line_Sep_08,0.0025094273
sub_grade_E1,0.0025062002
earliest_cr_line_Mar_98,0.0024544324
earliest_cr_line_May_84,0.0024446205
addr_state_NE,0.0024254445
earliest_cr_line_Dec_92,0.0024246606
purpose_home_improvement,0.0023953787
addr_state_MN,0.0023942369
purpose_debt_consolidation,0.0023881344
addr_state_UT,0.0023864554
earliest_cr_line_Oct_01,0.002379051
emp_length_7_years,0.002357143
emp_length_6_years,0.0023304613
addr_state_IN,0.0023212882
purpose_moving,0.0023132605
addr_state_AZ,0.0022836134
addr_state_PA,0.0022804672
sub_grade_B4,0.0022471072
sub_grade_D5,0.0022156548
sub_grade_C4,0.0021810608
fico_avg,0.002169966
sub_grade_C2,0.002157232
emp_length_9_years,0.0021571068
sub_grade_B5,0.0021411986
earliest_cr_line_Feb_09,0.002138844
earliest_cr_line_Nov_92,0.0021305536
earliest_cr_line_May_11,0.002049483
earliest_cr_line_Mar_05,0.002022098
earliest_cr_line_Jul_92,0.0020108335
earliest_cr_line_Dec_04,0.001984953
high_dti_flag,0.0019564903
sub_grade_D3,0.0019350733
addr_state_FL,0.0018697245
emp_length___1_year,0.0018435847
sub_grade_D2,0.001800279
earliest_cr_line_May_89,0.0017170507
emp_length_8_years,0.0017111979
earliest_cr_line_Apr_93,0.0016725074
addr_state_VA,0.0015872801
sub_grade_C5,0.0015383454
addr_state_OH,0.0014896226
earliest_cr_line_Aug_96,0.0014614789
sub_grade_A3,0.0014322955
sub_grade_E2,0.0013766885
sub_grade_E3,0.0013252251
earliest_cr_line_Aug_94,0.001164852
addr_state_MO,0.0008875431
emp_length_4_years,0.00070756377
purpose_medical,0.00038603955
emp_length_3_years,0.00026988145
earliest_cr_line_Sep_63,0.0
earliest_cr_line_Apr_77,0.0
earliest_cr_line_Apr_78,0.0
earliest_cr_line_Apr_79,0.0
earliest_cr_line_Apr_80,0.0
addr_state_MI,0.0
addr_state_ND,0.0
addr_state_NM,0.0
addr_state_NV,0.0
earliest_cr_line_Apr_81,0.0
earliest_cr_line_Apr_82,0.0
earliest_cr_line_Apr_83,0.0
earliest_cr_line_Apr_84,0.0
earliest_cr_line_Apr_85,0.0
earliest_cr_line_Apr_87,0.0
earliest_cr_line_Apr_89,0.0
earliest_cr_line_Apr_90,0.0
earliest_cr_line_Apr_91,0.0
earliest_cr_line_Apr_92,0.0
earliest_cr_line_Apr_96,0.0
earliest_cr_line_Apr_98,0.0
earliest_cr_line_Apr_99,0.0
earliest_cr_line_Aug_00,0.0
earliest_cr_line_Aug_02,0.0
earliest_cr_line_Aug_04,0.0
earliest_cr_line_Aug_05,0.0
earliest_cr_line_Aug_06,0.0
earliest_cr_line_Aug_10,0.0
earliest_cr_line_Aug_12,0.0
earliest_cr_line_Aug_51,0.0
earliest_cr_line_Aug_59,0.0
earliest_cr_line_Aug_60,0.0
earliest_cr_line_Aug_64,0.0
earliest_cr_line_Aug_65,0.0
earliest_cr_line_Aug_66,0.0
earliest_cr_line_Aug_67,0.0
earliest_cr_line_Aug_68,0.0
earliest_cr_line_Aug_69,0.0
earliest_cr_line_Aug_70,0.0
earliest_cr_line_Aug_71,0.0
earliest_cr_line_Aug_72,0.0
earliest_cr_line_Aug_73,0.0
earliest_cr_line_Aug_74,0.0
earliest_cr_line_Aug_75,0.0
earliest_cr_line_Aug_76,0.0
earliest_cr_line_Aug_77,0.0
earliest_cr_line_Aug_78,0.0
earliest_cr_line_Aug_79,0.0
earliest_cr_line_Aug_80,0.0
earliest_cr_line_Aug_81,0.0
earliest_cr_line_Aug_82,0.0
earliest_cr_line_Aug_83,0.0
earliest_cr_line_Aug_84,0.0
earliest_cr_line_Aug_85,0.0
earliest_cr_line_Aug_87,0.0
earliest_cr_line_Aug_88,0.0
earliest_cr_line_Apr_60,0.0
earliest_cr_line_Apr_62,0.0
earliest_cr_line_Apr_63,0.0
earliest_cr_line_Apr_64,0.0
earliest_cr_line_Apr_65,0.0
earliest_cr_line_Apr_66,0.0
earliest_cr_line_Apr_68,0.0
earliest_cr_line_Apr_69,0.0
earliest_cr_line_Apr_70,0.0
earliest_cr_line_Apr_71,0.0
earliest_cr_line_Apr_72,0.0
earliest_cr_line_Apr_73,0.0
earliest_cr_line_Apr_74,0.0
earliest_cr_line_Apr_75,0.0
earliest_cr_line_Apr_76,0.0
earliest_cr_line_Aug_89,0.0
earliest_cr_line_Aug_90,0.0
earliest_cr_line_Aug_92,0.0
addr_state_DE,0.0
addr_state_KS,0.0
addr_state_KY,0.0
earliest_cr_line_Aug_93,0.0
earliest_cr_line_Aug_95,0.0
earliest_cr_line_Aug_97,0.0
earliest_cr_line_Aug_99,0.0
earliest_cr_line_Dec_00,0.0
earliest_cr_line_Dec_01,0.0
earliest_cr_line_Dec_03,0.0
earliest_cr_line_Dec_06,0.0
earliest_cr_line_Dec_09,0.0
earliest_cr_line_Dec_10,0.0
earliest_cr_line_Dec_11,0.0
earliest_cr_line_Dec_58,0.0
earliest_cr_line_Dec_59,0.0
earliest_cr_line_Dec_61,0.0
earliest_cr_line_Dec_62,0.0
earliest_cr_line_Dec_63,0.0
earliest_cr_line_Dec_64,0.0
earliest_cr_line_Dec_65,0.0
earliest_cr_line_Dec_66,0.0
earliest_cr_line_Dec_67,0.0
earliest_cr_line_Dec_68,0.0
earliest_cr_line_Dec_69,0.0
earliest_cr_line_Dec_70,0.0
earliest_cr_line_Dec_71,0.0
earliest_cr_line_Dec_72,0.0
earliest_cr_line_Dec_73,0.0
earliest_cr_line_Dec_74,0.0
earliest_cr_line_Dec_75,0.0
earliest_cr_line_Dec_76,0.0
earliest_cr_line_Dec_77,0.0
earliest_cr_line_Dec_78,0.0
earliest_cr_line_Dec_79,0.0
earliest_cr_line_Dec_80,0.0
earliest_cr_line_Dec_81,0.0
earliest_cr_line_Dec_82,0.0
earliest_cr_line_Dec_83,0.0
earliest_cr_line_Dec_84,0.0
earliest_cr_line_Dec_86,0.0
earliest_cr_line_Dec_87,0.0
earliest_cr_line_Dec_88,0.0
earliest_cr_line_Dec_89,0.0
earliest_cr_line_Dec_90,0.0
earliest_cr_line_Dec_91,0.0
earliest_cr_line_Dec_93,0.0
earliest_cr_line_Dec_94,0.0
earliest_cr_line_Dec_95,0.0
earliest_cr_line_Dec_96,0.0
earliest_cr_line_Dec_98,0.0
earliest_cr_line_Feb_02,0.0
earliest_cr_line_Feb_03,0.0
earliest_cr_line_Feb_04,0.0
earliest_cr_line_Feb_05,0.0
earliest_cr_line_Feb_06,0.0
earliest_cr_line_Feb_07,0.0
earliest_cr_line_Feb_08,0.0
earliest_cr_line_Feb_10,0.0
earliest_cr_line_Feb_11,0.0
earliest_cr_line_Feb_12,0.0
earliest_cr_line_Feb_59,0.0
earliest_cr_line_Feb_61,0.0
earliest_cr_line_Feb_64,0.0
earliest_cr_line_Feb_65,0.0
earliest_cr_line_Feb_66,0.0
earliest_cr_line_Feb_67,0.0
earliest_cr_line_Feb_68,0.0
purpose_house,0.0
purpose_renewable_energy,0.0
purpose_wedding,0.0
earliest_cr_line_Feb_69,0.0
earliest_cr_line_Feb_70,0.0
earliest_cr_line_Feb_71,0.0
earliest_cr_line_Feb_72,0.0
earliest_cr_line_Feb_73,0.0
earliest_cr_line_Feb_74,0.0
earliest_cr_line_Feb_75,0.0
earliest_cr_line_Feb_76,0.0
earliest_cr_line_Feb_77,0.0
earliest_cr_line_Feb_78,0.0
earliest_cr_line_Feb_79,0.0
earliest_cr_line_Feb_80,0.0
earliest_cr_line_Feb_81,0.0
earliest_cr_line_Feb_82,0.0
earliest_cr_line_Feb_83,0.0
earliest_cr_line_Feb_86,0.0
earliest_cr_line_Feb_87,0.0
earliest_cr_line_Feb_89,0.0
earliest_cr_line_Feb_90,0.0
earliest_cr_line_Feb_91,0.0
earliest_cr_line_Feb_92,0.0
earliest_cr_line_Feb_93,0.0
earliest_cr_line_Feb_94,0.0
earliest_cr_line_Feb_95,0.0
earliest_cr_line_Feb_96,0.0
earliest_cr_line_Feb_97,0.0
earliest_cr_line_Feb_98,0.0
earliest_cr_line_Jan_00,0.0
earliest_cr_line_Jan_01,0.0
earliest_cr_line_Jan_03,0.0
earliest_cr_line_Jan_04,0.0
earliest_cr_line_Jan_05,0.0
earliest_cr_line_Jan_06,0.0
earliest_cr_line_Jan_07,0.0
earliest_cr_line_Jan_08,0.0
earliest_cr_line_Jan_09,0.0
earliest_cr_line_Jan_10,0.0
earliest_cr_line_Jan_12,0.0
earliest_cr_line_Jan_50,0.0
earliest_cr_line_Jan_55,0.0
earliest_cr_line_Jan_56,0.0
earliest_cr_line_Jan_57,0.0
earliest_cr_line_Jan_58,0.0
earliest_cr_line_Jan_59,0.0
earliest_cr_line_Jan_60,0.0
earliest_cr_line_Jan_61,0.0
earliest_cr_line_Jan_62,0.0
earliest_cr_line_Jan_63,0.0
earliest_cr_line_Jan_64,0.0
earliest_cr_line_Jan_65,0.0
earliest_cr_line_Jan_66,0.0
earliest_cr_line_Jan_67,0.0
earliest_cr_line_Jan_69,0.0
earliest_cr_line_Jan_70,0.0
earliest_cr_line_Jan_71,0.0
earliest_cr_line_Jan_72,0.0
earliest_cr_line_Jan_73,0.0
earliest_cr_line_Jan_74,0.0
earliest_cr_line_Jan_75,0.0
earliest_cr_line_Jan_76,0.0
earliest_cr_line_Jan_77,0.0
earliest_cr_line_Jan_78,0.0
earliest_cr_line_Jan_79,0.0
earliest_cr_line_Jan_80,0.0
earliest_cr_line_Jan_81,0.0
earliest_cr_line_Jan_82,0.0
earliest_cr_line_Jan_83,0.0
earliest_cr_line_Jan_84,0.0
earliest_cr_line_Jan_85,0.0
earliest_cr_line_Jan_86,0.0
earliest_cr_line_Jan_88,0.0
earliest_cr_line_Jan_89,0.0
sub_grade_G2,0.0
sub_grade_G3,0.0
sub_grade_G4,0.0
sub_grade_G5,0.0
earliest_cr_line_Jan_90,0.0
earliest_cr_line_Jan_92,0.0
earliest_cr_line_Jan_94,0.0
earliest_cr_line_Jan_95,0.0
earliest_cr_line_Jan_97,0.0
earliest_cr_line_Jan_98,0.0
earliest_cr_line_Jul_00,0.0
earliest_cr_line_Jul_02,0.0
earliest_cr_line_Jul_03,0.0
earliest_cr_line_Jul_04,0.0
earliest_cr_line_Jul_06,0.0
earliest_cr_line_Jul_07,0.0
earliest_cr_line_Jul_08,0.0
earliest_cr_line_Jul_09,0.0
earliest_cr_line_Jul_10,0.0
earliest_cr_line_Jul_11,0.0
earliest_cr_line_Jul_12,0.0
earliest_cr_line_Jul_59,0.0
earliest_cr_line_Jul_62,0.0
earliest_cr_line_Jul_63,0.0
earliest_cr_line_Jul_65,0.0
earliest_cr_line_Jul_66,0.0
earliest_cr_line_Jul_67,0.0
earliest_cr_line_Jul_68,0.0
earliest_cr_line_Jul_69,0.0
earliest_cr_line_Jul_70,0.0
earliest_cr_line_Jul_71,0.0
earliest_cr_line_Jul_72,0.0
earliest_cr_line_Jul_73,0.0
earliest_cr_line_Jul_74,0.0
earliest_cr_line_Jul_75,0.0
earliest_cr_line_Jul_76,0.0
earliest_cr_line_Jul_77,0.0
earliest_cr_line_Jul_78,0.0
earliest_cr_line_Jul_79,0.0
earliest_cr_line_Jul_80,0.0
earliest_cr_line_Jul_81,0.0
earliest_cr_line_Jul_82,0.0
earliest_cr_line_Jul_83,0.0
earliest_cr_line_Jul_84,0.0
earliest_cr_line_Jul_85,0.0
earliest_cr_line_Jul_86,0.0
earliest_cr_line_Jul_88,0.0
earliest_cr_line_Jul_89,0.0
earliest_cr_line_Jul_91,0.0
addr_state_WY,0.0
earliest_cr_line_Jul_93,0.0
earliest_cr_line_Jul_95,0.0
earliest_cr_line_Jul_96,0.0
earliest_cr_line_Jul_97,0.0
earliest_cr_line_Jun_00,0.0
earliest_cr_line_Jun_02,0.0
earliest_cr_line_Jun_03,0.0
earliest_cr_line_Jun_04,0.0
earliest_cr_line_Jun_06,0.0
earliest_cr_line_Jun_07,0.0
earliest_cr_line_Jun_09,0.0
earliest_cr_line_Jun_10,0.0
earliest_cr_line_Jun_11,0.0
earliest_cr_line_Jun_12,0.0
earliest_cr_line_Jun_55,0.0
earliest_cr_line_Jun_57,0.0
earliest_cr_line_Jun_58,0.0
earliest_cr_line_Jun_62,0.0
earliest_cr_line_Jun_63,0.0
earliest_cr_line_Jun_64,0.0
earliest_cr_line_Jun_65,0.0
earliest_cr_line_Jun_66,0.0
earliest_cr_line_Jun_67,0.0
earliest_cr_line_Jun_68,0.0
earliest_cr_line_Jun_69,0.0
earliest_cr_line_Jun_70,0.0
earliest_cr_line_Jun_71,0.0
earliest_cr_line_Jun_72,0.0
earliest_cr_line_Jun_73,0.0
earliest_cr_line_Jun_74,0.0
earliest_cr_line_Jun_75,0.0
earliest_cr_line_Jun_76,0.0
earliest_cr_line_Jun_77,0.0
earliest_cr_line_Jun_79,0.0
earliest_cr_line_Jun_80,0.0
earliest_cr_line_Jun_81,0.0
earliest_cr_line_Jun_82,0.0
earliest_cr_line_Jun_83,0.0
earliest_cr_line_Jun_84,0.0
earliest_cr_line_Jun_85,0.0
earliest_cr_line_Jun_86,0.0
earliest_cr_line_Jun_87,0.0
earliest_cr_line_Jun_88,0.0
earliest_cr_line_Jun_89,0.0
earliest_cr_line_Jun_90,0.0
earliest_cr_line_Jun_91,0.0
earliest_cr_line_Jun_94,0.0
earliest_cr_line_Jun_95,0.0
earliest_cr_line_Jun_96,0.0
earliest_cr_line_Jun_97,0.0
earliest_cr_line_Mar_01,0.0
earliest_cr_line_Mar_04,0.0
earliest_cr_line_Sep_92,0.0
earliest_cr_line_Mar_06,0.0
earliest_cr_line_Mar_07,0.0
earliest_cr_line_Mar_08,0.0
earliest_cr_line_Mar_09,0.0
earliest_cr_line_Mar_10,0.0
earliest_cr_line_Mar_11,0.0
earliest_cr_line_Mar_58,0.0
earliest_cr_line_Mar_60,0.0
earliest_cr_line_Mar_62,0.0
earliest_cr_line_Mar_63,0.0
earliest_cr_line_Mar_64,0.0
earliest_cr_line_Mar_65,0.0
earliest_cr_line_Mar_66,0.0
earliest_cr_line_Mar_67,0.0
earliest_cr_line_Mar_68,0.0
earliest_cr_line_Mar_69,0.0
earliest_cr_line_Mar_70,0.0
earliest_cr_line_Mar_71,0.0
earliest_cr_line_Mar_72,0.0
earliest_cr_line_Mar_73,0.0
earliest_cr_line_Mar_74,0.0
earliest_cr_line_Mar_75,0.0
earliest_cr_line_Mar_76,0.0
earliest_cr_line_Mar_77,0.0
earliest_cr_line_Mar_78,0.0
earliest_cr_line_Mar_79,0.0
earliest_cr_line_Mar_80,0.0
earliest_cr_line_Mar_81,0.0
earliest_cr_line_Mar_82,0.0
earliest_cr_line_Mar_83,0.0
earliest_cr_line_Mar_84,0.0
earliest_cr_line_Mar_85,0.0
earliest_cr_line_Mar_86,0.0
earliest_cr_line_Mar_87,0.0
earliest_cr_line_Mar_88,0.0
earliest_cr_line_Mar_89,0.0
earliest_cr_line_Mar_90,0.0
earliest_cr_line_Mar_91,0.0
earliest_cr_line_Sep_53,0.0
earliest_cr_line_Sep_85,0.0
sub_grade_D4,0.0
earliest_cr_line_Sep_95,0.0
earliest_cr_line_Sep_96,0.0
earliest_cr_line_Sep_97,0.0
earliest_cr_line_Sep_98,0.0
sub_grade_E4,0.0
sub_grade_E5,0.0
sub_grade_F1,0.0
sub_grade_F2,0.0
sub_grade_F3,0.0
sub_grade_F4,0.0
sub_grade_F5,0.0
sub_grade_G1,0.0
earliest_cr_line_Mar_97,0.0
earliest_cr_line_Sep_64,0.0
earliest_cr_line_Mar_99,0.0
earliest_cr_line_May_00,0.0
earliest_cr_line_Sep_65,0.0
earliest_cr_line_May_02,0.0
earliest_cr_line_May_03,0.0
earliest_cr_line_May_05,0.0
earliest_cr_line_May_06,0.0
earliest_cr_line_May_08,0.0
earliest_cr_line_May_09,0.0
earliest_cr_line_May_10,0.0
earliest_cr_line_Sep_66,0.0
earliest_cr_line_May_12,0.0
earliest_cr_line_May_55,0.0
earliest_cr_line_May_60,0.0
earliest_cr_line_May_61,0.0
earliest_cr_line_May_63,0.0
earliest_cr_line_May_64,0.0
earliest_cr_line_May_65,0.0
earliest_cr_line_May_66,0.0
earliest_cr_line_May_67,0.0
earliest_cr_line_May_68,0.0
earliest_cr_line_May_69,0.0
earliest_cr_line_May_70,0.0
earliest_cr_line_May_71,0.0
earliest_cr_line_May_72,0.0
earliest_cr_line_May_73,0.0
earliest_cr_line_May_74,0.0
earliest_cr_line_May_75,0.0
earliest_cr_line_May_76,0.0
earliest_cr_line_May_77,0.0
earliest_cr_line_May_78,0.0
earliest_cr_line_May_79,0.0
earliest_cr_line_May_80,0.0
earliest_cr_line_May_81,0.0
earliest_cr_line_May_82,0.0
earliest_cr_line_May_83,0.0
earliest_cr_line_Sep_67,0.0
earliest_cr_line_May_85,0.0
earliest_cr_line_May_86,0.0
earliest_cr_line_May_87,0.0
earliest_cr_line_May_88,0.0
inflation_rate,0.0
earliest_cr_line_May_90,0.0
earliest_cr_line_May_91,0.0
earliest_cr_line_May_92,0.0
earliest_cr_line_May_93,0.0
earliest_cr_line_May_94,0.0
earliest_cr_line_May_96,0.0
earliest_cr_line_May_97,0.0
earliest_cr_line_May_98,0.0
earliest_cr_line_May_99,0.0
earliest_cr_line_Nov_00,0.0
earliest_cr_line_Nov_01,0.0
earliest_cr_line_Nov_02,0.0
earliest_cr_line_Nov_04,0.0
earliest_cr_line_Nov_05,0.0
earliest_cr_line_Nov_07,0.0
earliest_cr_line_Nov_09,0.0
earliest_cr_line_Nov_11,0.0
earliest_cr_line_Nov_12,0.0
earliest_cr_line_Nov_56,0.0
earliest_cr_line_Nov_57,0.0
earliest_cr_line_Nov_58,0.0
earliest_cr_line_Nov_59,0.0
earliest_cr_line_Nov_62,0.0
earliest_cr_line_Nov_63,0.0
earliest_cr_line_Nov_64,0.0
earliest_cr_line_Nov_65,0.0
earliest_cr_line_Nov_66,0.0
earliest_cr_line_Nov_67,0.0
earliest_cr_line_Nov_68,0.0
earliest_cr_line_Nov_69,0.0
earliest_cr_line_Nov_70,0.0
earliest_cr_line_Nov_71,0.0
earliest_cr_line_Nov_72,0.0
earliest_cr_line_Nov_73,0.0
earliest_cr_line_Nov_74,0.0
earliest_cr_line_Nov_75,0.0
earliest_cr_line_Nov_76,0.0
earliest_cr_line_Nov_77,0.0
earliest_cr_line_Nov_78,0.0
earliest_cr_line_Nov_79,0.0
earliest_cr_line_Nov_81,0.0
earliest_cr_line_Nov_82,0.0
earliest_cr_line_Nov_83,0.0
earliest_cr_line_Nov_84,0.0
earliest_cr_line_Nov_85,0.0
earliest_cr_line_Nov_86,0.0
earliest_cr_line_Nov_87,0.0
earliest_cr_line_Nov_88,0.0
earliest_cr_line_Nov_89,0.0
earliest_cr_line_Nov_90,0.0
earliest_cr_line_Nov_91,0.0
interest_rate_env,0.0
earliest_cr_line_Nov_93,0.0
earliest_cr_line_Nov_95,0.0
grade_G,0.0
sub_grade_A2,0.0
unemployment_rate,0.0
economic_stress,0.0
mobile_usage_score,0.0
earliest_cr_line_Apr_02,0.0
sub_grade_C3,0.0
earliest_cr_line_Apr_04,0.0
earliest_cr_line_Apr_05,0.0
earliest_cr_line_Apr_06,0.0
earliest_cr_line_Oct_02,0.0
earliest_cr_line_Oct_03,0.0
earliest_cr_line_Oct_05,0.0
earliest_cr_line_Oct_06,0.0
earliest_cr_line_Oct_07,0.0
earliest_cr_line_Oct_08,0.0
earliest_cr_line_Oct_09,0.0
earliest_cr_line_Oct_10,0.0
earliest_cr_line_Oct_11,0.0
earliest_cr_line_Oct_12,0.0
earliest_cr_line_Oct_58,0.0
earliest_cr_line_Oct_59,0.0
earliest_cr_line_Oct_62,0.0
earliest_cr_line_Oct_63,0.0
earliest_cr_line_Oct_64,0.0
earliest_cr_line_Oct_65,0.0
earliest_cr_line_Oct_66,0.0
earliest_cr_line_Oct_67,0.0
earliest_cr_line_Oct_68,0.0
earliest_cr_line_Oct_69,0.0
earliest_cr_line_Oct_70,0.0
earliest_cr_line_Oct_71,0.0
earliest_cr_line_Oct_72,0.0
earliest_cr_line_Oct_73,0.0
earliest_cr_line_Oct_74,0.0
digital_txn_count,0.0
utility_payment_score,0.0
employment_stability,0.0
recent_inquiries_flag,0.0
earliest_cr_line_Apr_07,0.0
low_fico_flag,0.0
grade_E,0.0
earliest_cr_line_Oct_75,0.0
earliest_cr_line_Oct_77,0.0
earliest_cr_line_Oct_78,0.0
earliest_cr_line_Oct_79,0.0
earliest_cr_line_Oct_80,0.0
earliest_cr_line_Oct_81,0.0
earliest_cr_line_Oct_82,0.0
earliest_cr_line_Oct_83,0.0
earliest_cr_line_Oct_84,0.0
earliest_cr_line_Oct_85,0.0
earliest_cr_line_Oct_86,0.0
earliest_cr_line_Oct_88,0.0
earliest_cr_line_Oct_89,0.0
earliest_cr_line_Oct_91,0.0
earliest_cr_line_Oct_92,0.0
earliest_cr_line_Oct_93,0.0
earliest_cr_line_Oct_94,0.0
earliest_cr_line_Oct_95,0.0
earliest_cr_line_Oct_96,0.0
earliest_cr_line_Sep_73,0.0
earliest_cr_line_Sep_74,0.0
earliest_cr_line_Sep_75,0.0
earliest_cr_line_Sep_76,0.0
earliest_cr_line_Sep_78,0.0
earliest_cr_line_Sep_79,0.0
earliest_cr_line_Sep_80,0.0
earliest_cr_line_Sep_81,0.0
earliest_cr_line_Sep_82,0.0
earliest_cr_line_Sep_86,0.0
earliest_cr_line_Sep_88,0.0
earliest_cr_line_Sep_89,0.0
earliest_cr_line_Sep_90,0.0
earliest_cr_line_Sep_91,0.0
earliest_cr_line_Sep_68,0.0
earliest_cr_line_Sep_69,0.0
earliest_cr_line_Sep_70,0.0
earliest_cr_line_Sep_71,0.0
earliest_cr_line_Sep_72,0.0
earliest_cr_line_Sep_56,0.0
earliest_cr_line_Sep_59,0.0
earliest_cr_line_Sep_61,0.0
addr_state_VT,0.0
addr_state_WI,0.0
earliest_cr_line_Sep_84,0.0
earliest_cr_line_Sep_94,0.0
earliest_cr_line_Sep_93,0.0
earliest_cr_line_Apr_08,0.0
earliest_cr_line_Apr_10,0.0
earliest_cr_line_Apr_11,0.0
earliest_cr_line_Apr_12,0.0
earliest_cr_line_Apr_55,0.0
earliest_cr_line_Oct_99,0.0
earliest_cr_line_Sep_00,0.0
earliest_cr_line_Sep_04,0.0
earliest_cr_line_Sep_05,0.0
earliest_cr_line_Sep_62,0.0
earliest_cr_line_Sep_10,0.0
earliest_cr_line_Sep_11,0.0
earliest_cr_line_Sep_12,0.0
earliest_cr_line_Sep_83,0.0
